{
	"name": "roll-stats",
	"title": "Roll Stats",
	"description": "Module for storing roll history and displaying roll statistics",
	"version": "0.2.1",
	"author": "davidd4",
	"esmodules": ["roll-stats.js"],
	"styles": ["roll-stats.css"],
	"minimumCoreVersion": "10.0.0",
	"compatibleCoreVersion": "10.0.0",
	"url": "https://github.com/davidd4/fvtt-roll-stats",
	"manifest": "https://github.com/davidd4/fvtt-roll-stats/releases/latest/download/module.json",
	"download": "https://github.com/davidd4/fvtt-roll-stats/releases/download/v0.2.1/roll-stats-v0.2.1.zip"
}