{
  "name": "roll-stats",
  "title": "Roll Stats",
  "description": "Module for storing roll history and displaying roll statistics",
  "systems": [],
  "version": "0.1.0",
  "authors": [
    {
      "name": "davidd4",
      "email": "",
      "url": "https://github.com/davidd4"
    }
  ],
  "scripts": [],
  "esmodules": [
    "fvtt-roll-stats.js"
  ],
  "styles": [
    "fvtt-roll-stats.css"
  ],
  "packs": [],
  "languages": [],
  "minimumCoreVersion": "0.7.6",
  "compatibleCoreVersion": "0.7.9",
  "url": "",
  "manifest": "",
  "download": "",
  "license": "",
  "readme": "",
  "bugs": "",
  "changelog": ""
}